group,key,value
INF,fw,hafta01-1.1.0
INF,git,65d550d-dirty
INF,build,O2
INF,sysclk_hz,168000000
INF,tick_hz,1000
INF,timer_hz,1000000
INF,baud,115200
INF,msg_len,64
INF,btn_q,8
INF,tx_q,16
INF,deadline_us,20000
INF,debounce_us,30000
INF,warmup_ms,5000
INF,log_capacity,128
INF,iters_per_ms,23989
INF,scenario,S0
INF,variant,A
INF,source,HW
INF,events,30
INF,mailbox,0x20000000
INF,saved_at,2026-10-06T20:40:17
CNT,accepted,30
CNT,logged,30
CNT,bounce_rejected,20
CNT,ignored,2
CNT,btn_q_drop,0
CNT,btn_tx_drop,0
CNT,tel_sent,0
CNT,tel_tx_drop,0
CNT,tx_error,0
CNT,tx_timeout,0
CNT,log_overflow,0
CNT,fmt_error,0
CNT,tel_period_min_us,0
CNT,tel_period_max_us,0
CNT,work_min_us,0
CNT,work_max_us,0
CNT,hwm_telemetry_w,187
CNT,hwm_uarttx_w,265
CNT,heap_free_min_b,17512
