scenario,event_id,t0_us,t1_us,t2_us,t3_us,t4_us,status
S2,1,1401439387,1401439394,1401439404,1401439425,1401444980,ok
S2,2,1401760095,1401760102,1401760111,1401760133,1401765690,ok
S2,3,1401968850,1401968857,1401968867,1401971319,1401976870,ok
S2,4,1402166984,1402166991,1402167001,1402171320,1402176871,ok
S2,5,1402353789,1402353796,1402353806,1402353827,1402359382,ok
S2,6,1402554809,1402554816,1402554825,1402554847,1402560397,ok
S2,7,1402739078,1402739085,1402739094,1402739116,1402744668,ok
S2,8,1402945887,1402945894,1402945904,1402951320,1402956871,ok
S2,9,1403149284,1403149291,1403149301,1403151320,1403156872,ok
S2,10,1403476746,1403476753,1403476763,1403476784,1403482340,ok
S2,11,1403768251,1403768258,1403768267,1403771316,1403776868,ok
S2,12,1404114624,1404114631,1404114640,1404114662,1404120215,ok
S2,13,1404396598,1404396605,1404396615,1404396636,1404402194,ok
S2,14,1404666565,1404666572,1404666581,1404671315,1404676866,ok
S2,15,1405288443,1405288450,1405288460,1405291320,1405296871,ok
S2,16,1405524721,1405524728,1405524738,1405524759,1405530316,ok
S2,17,1405748779,1405748786,1405748796,1405751320,1405756872,ok
S2,18,1405978821,1405978828,1405978838,1405978859,1405984415,ok
S2,19,1406187189,1406187196,1406187206,1406191318,1406196870,ok
S2,20,1406407775,1406407782,1406407792,1406411313,1406416864,ok
S2,21,1406625932,1406625939,1406625948,1406631316,1406636868,ok
S2,22,1406841373,1406841380,1406841390,1406841411,1406846965,ok
S2,23,1407041366,1407041373,1407041382,1407041404,1407046957,ok
S2,24,1407242587,1407242594,1407242604,1407242625,1407248180,ok
S2,25,1407452417,1407452424,1407452434,1407452455,1407458008,ok
S2,26,1407645977,1407645984,1407645993,1407651314,1407656865,ok
S2,27,1407849922,1407849929,1407849938,1407851314,1407856866,ok
S2,28,1408048290,1408048297,1408048307,1408051315,1408056866,ok
S2,29,1408285913,1408285920,1408285930,1408291321,1408296872,ok
S2,30,1408508781,1408508788,1408508797,1408511317,1408516867,ok
