variant,scenario,source,n_events,n_ok,n_met,n_late,n_lost,R_mean_ms,R_p95_ms,R_max_ms,margin_min_ms,t1_t0_mean_ms,t2_t1_mean_ms,t3_t2_mean_ms,t4_t3_mean_ms,t1_t0_max_ms,t3_t2_max_ms,tel_sent,tel_drop,work_max_us
A,S0,INJ,50,50,50,0,0,5.591,5.595,5.596,14.404,0.007,0.009,0.021,5.553,0.008,0.022,0,0,0
A,S1,INJ,50,50,50,0,0,5.811,6.985,9.839,10.161,0.007,0.009,0.242,5.553,0.008,4.272,410,0,0
A,S2,INJ,50,50,50,0,0,6.435,10.360,10.966,9.034,0.007,0.009,0.866,5.553,0.008,5.398,2018,0,0
A,S3,INJ,50,50,50,0,0,7.032,10.789,10.972,9.028,0.007,0.009,1.463,5.552,0.008,5.405,4033,0,0
A,S4,INJ,50,50,50,0,0,8.427,12.961,13.011,6.989,0.244,0.009,2.621,5.552,1.861,5.590,3969,0,2007
A,S5,INJ,50,33,0,33,17,128.193,165.224,165.339,-145.339,0.626,0.009,122.004,5.554,4.864,159.764,3941,18,5014
B,S0,INJ,50,50,50,0,0,5.589,5.593,5.594,14.406,0.007,0.009,0.020,5.553,0.008,0.020,0,0,0
B,S1,INJ,50,50,50,0,0,5.914,8.456,10.936,9.064,0.007,0.009,0.343,5.554,0.008,5.367,403,0,0
B,S2,INJ,50,50,50,0,0,6.363,10.359,10.977,9.023,0.007,0.009,0.793,5.553,0.008,5.408,1916,0,0
B,S3,INJ,50,50,50,0,0,6.847,10.775,10.943,9.057,0.007,0.009,1.277,5.553,0.008,5.374,3942,0,0
B,S4,INJ,50,50,50,0,0,7.537,10.886,10.980,9.020,0.189,0.009,1.786,5.553,1.757,5.411,3974,0,2007
B,S5,INJ,50,50,50,0,0,10.581,14.852,15.359,4.641,1.252,0.009,3.766,5.554,4.799,9.789,4012,35,5014
C,S0,INJ,50,50,50,0,0,5.590,5.593,5.594,14.406,0.007,0.009,0.020,5.553,0.008,0.020,0,0,0
C,S1,INJ,50,50,50,0,0,5.637,5.594,7.973,12.027,0.007,0.009,0.067,5.553,0.008,2.403,383,0,0
C,S2,INJ,50,50,50,0,0,7.065,10.870,10.950,9.050,0.007,0.009,1.496,5.553,0.008,5.380,1946,0,0
C,S3,INJ,50,50,50,0,0,7.819,10.882,10.997,9.003,0.007,0.009,2.249,5.553,0.008,5.427,3956,0,0
C,S4,INJ,50,50,50,0,0,7.587,10.941,10.985,9.015,0.007,0.009,2.017,5.553,0.008,5.416,3906,0,2043
C,S5,INJ,50,50,50,0,0,7.289,10.449,10.872,9.128,0.007,0.009,1.719,5.553,0.008,5.303,4014,0,5061
